{
  "approximate": false,
  "approximated_by": null,
  "conflict_max": 0.6871,
  "conflict_mean": 0.6871,
  "conflict_min": 0.6871,
  "conflict_std": 0.0,
  "continuous": false,
  "is_anac": false,
  "n_outcomes": 15625,
  "n_ufuns": 2,
  "name": "0015625Kitchen",
  "nash_index": 0,
  "nash_outcome": [
    "Ceramic",
    "Traditional",
    "Pine",
    "Granite",
    "3",
    "Dishwasher"
  ],
  "nash_utils": [
    0.9482881941421324,
    0.9763015215458481
  ],
  "nash_welfare": 1.9245897156879805,
  "opposition": 0.06299942240639561,
  "pareto_indices": [
    12039,
    12034,
    12044,
    10164,
    10159,
    11914,
    10169,
    11909,
    11919,
    12164,
    12159,
    10039,
    10034,
    10044,
    11414,
    11409,
    11419,
    10029,
    11539,
    11534,
    15164,
    15159,
    9409,
    11389,
    9419,
    11384,
    15289,
    15284,
    14539,
    14534,
    9404,
    14664,
    14659,
    14514,
    14509,
    14639,
    14634,
    10026,
    9484,
    9494,
    14662,
    9406,
    9416,
    14512,
    14507,
    9401,
    14637,
    14632,
    3159,
    3169,
    3154,
    9491,
    9476,
    3234,
    3244,
    14762,
    3156,
    3166,
    3151,
    3231,
    3241,
    8262,
    8257,
    3226,
    8387,
    8382,
    8512,
    7637,
    8462,
    7762,
    7757,
    7887,
    7837,
    7760,
    7755,
    7885,
    7835,
    7960,
    8010,
    8085
  ],
  "pareto_outcomes": [
    [
      "Gas",
      "Four-door French-door",
      "Maple",
      "Limestone",
      "10",
      "Oven"
    ],
    [
      "Gas",
      "Four-door French-door",
      "Maple",
      "Limestone",
      "5",
      "Oven"
    ],
    [
      "Gas",
      "Four-door French-door",
      "Maple",
      "Limestone",
      "15",
      "Oven"
    ],
    [
      "Gas",
      "Side-by-side",
      "Maple",
      "Limestone",
      "10",
      "Oven"
    ],
    [
      "Gas",
      "Side-by-side",
      "Maple",
      "Limestone",
      "5",
      "Oven"
    ],
    [
      "Gas",
      "Four-door French-door",
      "Pine",
      "Limestone",
      "10",
      "Oven"
    ],
    [
      "Gas",
      "Side-by-side",
      "Maple",
      "Limestone",
      "15",
      "Oven"
    ],
    [
      "Gas",
      "Four-door French-door",
      "Pine",
      "Limestone",
      "5",
      "Oven"
    ],
    [
      "Gas",
      "Four-door French-door",
      "Pine",
      "Limestone",
      "15",
      "Oven"
    ],
    [
      "Gas",
      "Four-door French-door",
      "Oak",
      "Limestone",
      "10",
      "Oven"
    ],
    [
      "Gas",
      "Four-door French-door",
      "Oak",
      "Limestone",
      "5",
      "Oven"
    ],
    [
      "Gas",
      "Side-by-side",
      "Pine",
      "Limestone",
      "10",
      "Oven"
    ],
    [
      "Gas",
      "Side-by-side",
      "Pine",
      "Limestone",
      "5",
      "Oven"
    ],
    [
      "Gas",
      "Side-by-side",
      "Pine",
      "Limestone",
      "15",
      "Oven"
    ],
    [
      "Gas",
      "French-door",
      "Maple",
      "Limestone",
      "10",
      "Oven"
    ],
    [
      "Gas",
      "French-door",
      "Maple",
      "Limestone",
      "5",
      "Oven"
    ],
    [
      "Gas",
      "French-door",
      "Maple",
      "Limestone",
      "15",
      "Oven"
    ],
    [
      "Gas",
      "Side-by-side",
      "Pine",
      "Limestone",
      "3",
      "Oven"
    ],
    [
      "Gas",
      "French-door",
      "Oak",
      "Limestone",
      "10",
      "Oven"
    ],
    [
      "Gas",
      "French-door",
      "Oak",
      "Limestone",
      "5",
      "Oven"
    ],
    [
      "Hybrid",
      "Four-door French-door",
      "Maple",
      "Limestone",
      "10",
      "Oven"
    ],
    [
      "Hybrid",
      "Four-door French-door",
      "Maple",
      "Limestone",
      "5",
      "Oven"
    ],
    [
      "Gas",
      "Traditional",
      "Pine",
      "Limestone",
      "5",
      "Oven"
    ],
    [
      "Gas",
      "French-door",
      "Maple",
      "Granite",
      "10",
      "Oven"
    ],
    [
      "Gas",
      "Traditional",
      "Pine",
      "Limestone",
      "15",
      "Oven"
    ],
    [
      "Gas",
      "French-door",
      "Maple",
      "Granite",
      "5",
      "Oven"
    ],
    [
      "Hybrid",
      "Four-door French-door",
      "Oak",
      "Limestone",
      "10",
      "Oven"
    ],
    [
      "Hybrid",
      "Four-door French-door",
      "Oak",
      "Limestone",
      "5",
      "Oven"
    ],
    [
      "Hybrid",
      "French-door",
      "Maple",
      "Limestone",
      "10",
      "Oven"
    ],
    [
      "Hybrid",
      "French-door",
      "Maple",
      "Limestone",
      "5",
      "Oven"
    ],
    [
      "Gas",
      "Traditional",
      "Pine",
      "Limestone",
      "3",
      "Oven"
    ],
    [
      "Hybrid",
      "French-door",
      "Oak",
      "Limestone",
      "10",
      "Oven"
    ],
    [
      "Hybrid",
      "French-door",
      "Oak",
      "Limestone",
      "5",
      "Oven"
    ],
    [
      "Hybrid",
      "French-door",
      "Maple",
      "Granite",
      "10",
      "Oven"
    ],
    [
      "Hybrid",
      "French-door",
      "Maple",
      "Granite",
      "5",
      "Oven"
    ],
    [
      "Hybrid",
      "French-door",
      "Oak",
      "Granite",
      "10",
      "Oven"
    ],
    [
      "Hybrid",
      "French-door",
      "Oak",
      "Granite",
      "5",
      "Oven"
    ],
    [
      "Gas",
      "Side-by-side",
      "Pine",
      "Limestone",
      "3",
      "Coffee machine"
    ],
    [
      "Gas",
      "Traditional",
      "Pine",
      "Acrylic",
      "5",
      "Oven"
    ],
    [
      "Gas",
      "Traditional",
      "Pine",
      "Acrylic",
      "15",
      "Oven"
    ],
    [
      "Hybrid",
      "French-door",
      "Oak",
      "Limestone",
      "10",
      "Microwave"
    ],
    [
      "Gas",
      "Traditional",
      "Pine",
      "Limestone",
      "5",
      "Coffee machine"
    ],
    [
      "Gas",
      "Traditional",
      "Pine",
      "Limestone",
      "15",
      "Coffee machine"
    ],
    [
      "Hybrid",
      "French-door",
      "Maple",
      "Granite",
      "10",
      "Microwave"
    ],
    [
      "Hybrid",
      "French-door",
      "Maple",
      "Granite",
      "5",
      "Microwave"
    ],
    [
      "Gas",
      "Traditional",
      "Pine",
      "Limestone",
      "3",
      "Coffee machine"
    ],
    [
      "Hybrid",
      "French-door",
      "Oak",
      "Granite",
      "10",
      "Microwave"
    ],
    [
      "Hybrid",
      "French-door",
      "Oak",
      "Granite",
      "5",
      "Microwave"
    ],
    [
      "Electrical",
      "Traditional",
      "Pine",
      "Limestone",
      "5",
      "Oven"
    ],
    [
      "Electrical",
      "Traditional",
      "Pine",
      "Limestone",
      "15",
      "Oven"
    ],
    [
      "Electrical",
      "Traditional",
      "Pine",
      "Limestone",
      "3",
      "Oven"
    ],
    [
      "Gas",
      "Traditional",
      "Pine",
      "Acrylic",
      "15",
      "Coffee machine"
    ],
    [
      "Gas",
      "Traditional",
      "Pine",
      "Acrylic",
      "3",
      "Coffee machine"
    ],
    [
      "Electrical",
      "Traditional",
      "Pine",
      "Acrylic",
      "5",
      "Oven"
    ],
    [
      "Electrical",
      "Traditional",
      "Pine",
      "Acrylic",
      "15",
      "Oven"
    ],
    [
      "Hybrid",
      "French-door",
      "Cherry",
      "Granite",
      "10",
      "Microwave"
    ],
    [
      "Electrical",
      "Traditional",
      "Pine",
      "Limestone",
      "5",
      "Coffee machine"
    ],
    [
      "Electrical",
      "Traditional",
      "Pine",
      "Limestone",
      "15",
      "Coffee machine"
    ],
    [
      "Electrical",
      "Traditional",
      "Pine",
      "Limestone",
      "3",
      "Coffee machine"
    ],
    [
      "Electrical",
      "Traditional",
      "Pine",
