{
  "approximate": false,
  "approximated_by": null,
  "conflict_max": 0.7890926640926641,
  "conflict_mean": 0.7890926640926641,
  "conflict_min": 0.7890926640926641,
  "conflict_std": 0.0,
  "continuous": false,
  "is_anac": false,
  "n_outcomes": 112,
  "n_ufuns": 2,
  "name": "0000112Coffee",
  "nash_index": 0,
  "nash_outcome": [
    "Blue Mountain",
    "no",
    "no"
  ],
  "nash_utils": [
    0.9242498794694851,
    0.5591506013605964
  ],
  "nash_welfare": 1.4834004808300816,
  "opposition": 0.4473100412925149,
  "pareto_indices": [
    111,
    95,
    79,
    110,
    108,
    63,
    109,
    92,
    47,
    31,
    15,
    99,
    83,
    98,
    96,
    97,
    80
  ],
  "pareto_outcomes": [
    [
      "Uganda",
      "much",
      "much"
    ],
    [
      "Santos",
      "much",
      "much"
    ],
    [
      "Paname",
      "much",
      "much"
    ],
    [
      "Uganda",
      "much",
      "some"
    ],
    [
      "Uganda",
      "much",
      "no"
    ],
    [
      "Java",
      "much",
      "much"
    ],
    [
      "Uganda",
      "much",
      "little"
    ],
    [
      "Santos",
      "much",
      "no"
    ],
    [
      "Colombian",
      "much",
      "much"
    ],
    [
      "Bourbon",
      "much",
      "much"
    ],
    [
      "Blue Mountain",
      "much",
      "much"
    ],
    [
      "Uganda",
      "no",
      "much"
    ],
    [
      "Santos",
      "no",
      "much"
    ],
    [
      "Uganda",
      "no",
      "some"
    ],
    [
      "Uganda",
      "no",
      "no"
    ],
    [
      "Uganda",
      "no",
      "little"
    ],
    [
      "Santos",
      "no",
      "no"
    ]
  ],
  "pareto_utils": [
    [
      0.9242498794694851,
      0.5591506013605964
    ],
    [
      0.9368748995579043,
      0.5036808436474048
    ],
    [
      0.9494999196463234,
      0.4482110859342133
    ],
    [
      0.775727853391727,
      0.5997127753936305
    ],
    [
      0.630176267835524,
      0.7264695692468621
    ],
    [
      0.9621249397347426,
      0.39274132822102176
    ],
    [
      0.7014668403528479,
      0.6419650400113743
    ],
    [
      0.6428012879239432,
      0.6709998115336706
    ],
    [
      0.9747499598231617,
      0.3372715705078302
    ],
    [
      0.9873749799115809,
      0.2818018127946386
    ],
    [
      1.0,
      0.2263320550814471
    ],
    [
      0.35331118997879574,
      0.8326810321137342
    ],
    [
      0.3659362100672149,
      0.7772112744005426
    ],
    [
      0.20478916390103763,
      0.8732432061467684
    ],
    [
      0.059237578344834674,
      1.0
    ],
    [
      0.13052815086215858,
      0.9154954707645122
    ],
    [
      0.07186259843325381,
      0.9445302422868084
    ]
  ],
  "utility_ranges": [
    [
      0.059237578344834674,
      1.0
    ],
    [
      0.2263320550814471,
      1.0
    ]
  ],
  "year": null
}