{
  "Agreement Rate": {
    "TAU$(\\infty, 0)$+SCS-AOP($2 n_o$)+Atlas3": [
      2.91547594742265,
      0.009640967245002525
    ],
    "TAU$(\\infty, 0)$+SCS-AOP($2 n_o$)+MiCRO": [
      5.8309518948453,
      2.004579374123422e-05
    ],
    "TAU$(\\infty, 0)$+SCS-AOP(3min)+MiCRO": [
      5.8309518948453,
      2.004579374123422e-05
    ],
    "TAU$(\\infty, \\infty)$+SCS-AOP(3min)+Atlas3": [
      -3.828207467443883,
      0.001345858043185695
    ],
    "TAU$(\\infty, \\infty)$+SCS-TAU$(\\infty, 0)$+SCS": [
      -6.648308055437865,
      4.111495521377277e-06
    ]
  },
  "N. Optimality": {
    "TAU$(\\infty, 0)$+SCS-AOP($2 n_o$)+Atlas3": [
      3.5623561995282285,
      0.002396925067014562
    ],
    "TAU$(\\infty, 0)$+SCS-AOP($2 n_o$)+MiCRO": [
      4.90099238057282,
      0.00013486925870526468
    ],
    "TAU$(\\infty, 0)$+SCS-AOP(3min)+MiCRO": [
      4.907766342319659,
      0.00013296227978240772
    ],
    "TAU$(\\infty, \\infty)$+SCS-TAU$(\\infty, 0)$+SCS": [
      -5.468044654374424,
      4.166254535943163e-05
    ]
  },
  "P. Optimality": {
    "TAU$(\\infty, 0)$+SCS-AOP($2 n_o$)+Atlas3": [
      2.91547594742265,
      0.009640967245002525
    ],
    "TAU$(\\infty, 0)$+SCS-AOP($2 n_o$)+MiCRO": [
      5.8309518948453,
      2.004579374123422e-05
    ],
    "TAU$(\\infty, 0)$+SCS-AOP(3min)+MiCRO": [
      5.8309518948453,
      2.004579374123422e-05
    ],
    "TAU$(\\infty, \\infty)$+SCS-AOP(3min)+Atlas3": [
      -3.828207467443883,
      0.001345858043185695
    ],
    "TAU$(\\infty, \\infty)$+SCS-TAU$(\\infty, 0)$+SCS": [
      -6.648308055437865,
      4.111495521377277e-06
    ]
  },
  "Rounds": {
    "TAU$(\\infty, 0)$+SCS-AOP($2 n_o$)+MiCRO": [
      3.6400414481812935,
      0.002025017118932761
    ],
    "TAU$(\\infty, 0)$+SCS-AOP(3min)+MiCRO": [
      3.649377882800907,
      0.001984384169069334
    ],
    "TAU$(\\infty, \\infty)$+SCS-AOP($2 n_o$)+Atlas3": [
      -3.6331844406051124,
      0.0020553871401856032
    ],
    "TAU$(\\infty, \\infty)$+SCS-TAU$(\\infty, 0)$+SCS": [
      -3.8241592723507987,
      0.0013577368145764365
    ]
  },
  "Time": {
    "TAU$(\\infty, 0)$+SCS-AOP($2 n_o$)+Atlas3": [
      -3.322441032120635,
      0.004029990849608211
    ],
    "TAU$(\\infty, 0)$+SCS-AOP($2 n_o$)+MiCRO": [
      -5.766124293941137,
      2.2816274233912905e-05
    ],
    "TAU$(\\infty, 0)$+SCS-AOP(3min)+Atlas3": [
      -6.809579055107186,
      3.040125359062814e-06
    ],
    "TAU$(\\infty, 0)$+SCS-AOP(3min)+MiCRO": [
      -5.767772837837898,
      2.2741133589901925e-05
    ],
    "TAU$(\\infty, \\infty)$+SCS-TAU$(\\infty, 0)$+SCS": [
      6.597936685184915,
      4.521328055140284e-06
    ]
  },
  "Utility": {
    "TAU$(\\infty, 0)$+SCS-AOP($2 n_o$)+Atlas3": [
      3.828849749666041,
      0.0013439829730240854
    ],
    "TAU$(\\infty, 0)$+SCS-AOP($2 n_o$)+MiCRO": [
      5.833591526613843,
      1.9940638704214953e-05
    ],
    "TAU$(\\infty, 0)$+SCS-AOP(3min)+Atlas3": [
      3.1295558909377994,
      0.006105112563652453
    ],
    "TAU$(\\infty, 0)$+SCS-AOP(3min)+MiCRO": [
      5.838863569183878,
      1.9732318046820746e-05
    ],
    "TAU$(\\infty, \\infty)$+SCS-AOP(3min)+Atlas3": [
      -3.1560330858665044,
      0.005767768343044573
    ],
    "TAU$(\\infty, \\infty)$+SCS-TAU$(\\infty, 0)$+SCS": [
      -6.651642116079066,
      4.0857682786223535e-06
    ]
  },
  "Welfare": {
    "TAU$(\\infty, 0)$+SCS-AOP($2 n_o$)+Atlas3": [
      3.1159010735390775,
      0.006286569691313194
    ],
    "TAU$(\\infty, 0)$+SCS-AOP($2 n_o$)+MiCRO": [
      5.1579272884925205,
      7.885024701683535e-05
    ],
    "TAU$(\\infty, 0)$+SCS-AOP(3min)+MiCRO": [
      5.156995049166008,
      7.900293318806414e-05
    ],
    "TAU$(\\infty, \\infty)$+SCS-AOP(3min)+Atlas3": [
      -3.2355279768440575,
      0.004861120117675472
    ],
    "TAU$(\\infty, \\infty)$+SCS-TAU$(\\infty, 0)$+SCS": [
      -5.806658720867944,
      2.1040870510336034e-05
    ]
  }
}