{
  "AR": {
    "TAU$(\\infty, 0)$+SCS-AOP($2 n_o$)+CUHK": [
      4.123105625617661,
      0.0007103270462445622
    ],
    "TAU$(\\infty, 0)$+SCS-AOP($2 n_o$)+HardHeaded": [
      3.6878177829171546,
      0.001825488268245913
    ],
    "TAU$(\\infty, \\infty)$+SCS-AOP($2 n_o$)+CUHK": [
      4.123105625617661,
      0.0007103270462445622
    ],
    "TAU$(\\infty, \\infty)$+SCS-AOP($2 n_o$)+HardHeaded": [
      3.6878177829171546,
      0.001825488268245913
    ]
  },
  "N. Optimality": {
    "TAU$(\\infty, 0)$+SCS-AOP($2 n_o$)+CUHK": [
      4.284001821232322,
      0.0005019704092807014
    ],
    "TAU$(\\infty, 0)$+SCS-AOP($2 n_o$)+Caduceus": [
      3.733992121074332,
      0.0016513371087291267
    ],
    "TAU$(\\infty, 0)$+SCS-AOP(3min)+CUHK": [
      4.730592951461522,
      0.00019325411734478698
    ],
    "TAU$(\\infty, 0)$+SCS-AOP(3min)+Caduceus": [
      3.6758085498074275,
      0.0018737150648411314
    ],
    "TAU$(\\infty, \\infty)$+SCS-AOP($2 n_o$)+CUHK": [
      4.282010806865478,
      0.0005041272345570454
    ],
    "TAU$(\\infty, \\infty)$+SCS-AOP($2 n_o$)+Caduceus": [
      3.732020638972821,
      0.001658421407815607
    ],
    "TAU$(\\infty, \\infty)$+SCS-AOP(3min)+CUHK": [
      4.727280208848415,
      0.00019461558720752754
    ],
    "TAU$(\\infty, \\infty)$+SCS-AOP(3min)+Caduceus": [
      3.6739822456677613,
      0.0018811598108408403
    ]
  },
  "P. Optimality": {
    "TAU$(\\infty, 0)$+SCS-AOP($2 n_o$)+CUHK": [
      3.8226547619463145,
      0.001362178303941335
    ],
    "TAU$(\\infty, \\infty)$+SCS-AOP($2 n_o$)+CUHK": [
      3.8226547619463145,
      0.001362178303941335
    ]
  },
  "Rounds": {
    "TAU$(\\infty, 0)$+SCS-AOP($2 n_o$)+AgentK": [
      -25.14434662246375,
      6.900221379661173e-15
    ],
    "TAU$(\\infty, 0)$+SCS-AOP($2 n_o$)+Atlas3": [
      -6.430242836526593,
      6.2191281384599165e-06
    ],
    "TAU$(\\infty, 0)$+SCS-AOP($2 n_o$)+Boulware": [
      -34.86510026466989,
      2.9507397178680946e-17
    ],
    "TAU$(\\infty, 0)$+SCS-AOP($2 n_o$)+CUHK": [
      -14.829312206988023,
      3.7121961749512745e-11
    ],
    "TAU$(\\infty, 0)$+SCS-AOP($2 n_o$)+Caduceus": [
      -64.02964536304492,
      1.0380021317257117e-21
    ],
    "TAU$(\\infty, 0)$+SCS-AOP($2 n_o$)+HardHeaded": [
      -46.78436853072557,
      2.091111655098693e-19
    ],
    "TAU$(\\infty, 0)$+SCS-AOP($2 n_o$)+NiceTfT": [
      -9.986129929726692,
      1.5800981777624802e-08
    ],
    "TAU$(\\infty, \\infty)$+SCS-AOP($2 n_o$)+AgentK": [
      -25.230058950750415,
      6.521685005139673e-15
    ],
    "TAU$(\\infty, \\infty)$+SCS-AOP($2 n_o$)+Atlas3": [
      -6.464306485982896,
      5.827319997429256e-06
    ],
    "TAU$(\\infty, \\infty)$+SCS-AOP($2 n_o$)+Boulware": [
      -34.878144526900286,
      2.932278737606757e-17
    ],
    "TAU$(\\infty, \\infty)$+SCS-AOP($2 n_o$)+CUHK": [
      -14.832534555524179,
      3.699438957579224e-11
    ],
    "TAU$(\\infty, \\infty)$+SCS-AOP($2 n_o$)+Caduceus": [
      -64.3835280564784,
      9.455055851448313e-22
    ],
    "TAU$(\\infty, \\infty)$+SCS-AOP($2 n_o$)+HardHeaded": [
      -46.79986957060169,
      2.0794537854878146e-19
    ],
    "TAU$(\\infty, \\infty)$+SCS-AOP($2 n_o$)+NiceTfT": [
      -9.990850397110806,
      1.5691937226626976e-08
    ]
  },
  "Time": {
    "TAU$(\\infty, 0)$+SCS-AOP(3min)+AgentK": [
      -15.785837226997602,
      1.3732989832343446e-11
    ],
    "TAU$(\\infty, 0)$+SCS-AOP(3min)+Atlas3": [
      -6.620085709415918,
      4.336128639359544e-06
    ],
    "TAU$(\\infty, 0)$+SCS-AOP(3min)+Boulware": [
      -25.60346827943644,
      5.111238419113939e-15
    ],
    "TAU$(\\infty, 0)$+SCS-AOP(3min)+CUHK": [
      -16.83183081782383,
      4.910101813043526e-12
    ],
    "TAU$(\\infty, 0)$+SCS-AOP(3min)+Caduceus": [
      -43.709399676050346,
      6.582552879100513e-19
    ],
    "TAU$(\\infty, 0)$+SCS-AOP(3min)+HardHeaded": [
      -78.7540277795354,
      3.111276157762149e-23
    ],
    "TAU$(\\infty, 0)$+SCS-AOP(3min)+NiceTfT": [
      -10.485650325400796,
      7.692190823685011e-09
    ],
    "TAU$(\\infty, \\infty)$+SCS-AOP(3min)+AgentK": [
      -15.796689851582894,
      1.358307146042605e-11
    ],
    "TAU$(\\infty, \\infty)$+SCS-AOP(3min)+Atlas3": [
      -6.632939084319671,
      4.232283493748324e-06
    ],
    "TAU$(\\infty, \\infty)$+SCS-AOP(3min)+Boulware": [
      -25.640256279668705,
      4.990902770942093e-15
    ],
    "TAU$(\\infty, \\infty)$+SCS-AOP(3min)+CUHK": [
      -16.87402079984776,
      4.716250590618339e-12
    ],
    "TAU$(\\infty, \\infty)$+SCS-AOP(3min)+Caduceus": [
      -43.75444555802202,
      6.469236102831154e-19
    ],
    "TAU$(\\infty, \\infty)$+SCS-AOP(3min)+HardHeaded": [
      -79.21776197922043,
      2.8164604393880253e-23
    ],
    "TAU$(\\infty, \\infty)$+SCS-AOP(3min)+NiceTfT": [
      -10.48560953017876,
      7.69263500519716e-09
    ]
  },
  "Welfare": {
    "TAU$(\\infty, 0)$+SCS-AOP($2 n_o$)+CUHK": [
      4.226781591205815,
      0.000567847611600994
    ],
    "TAU$(\\infty, 0)$+SCS-AOP($2 n_o$)+Caduceus": [
      3.5854093619807164,
      0.002279970805615599
    ],
    "TAU$(\\infty, 0)$+SCS-AOP($2 n_o$)+HardHeaded": [
      3.5413664937066747,
      0.0025085958587779725
    ],
    "TAU$(\\infty, 0)$+SCS-AOP(3min)+Caduceus": [
      3.4838684740848014,
      0.0028417026612078526
    ],
    "TAU$(\\infty, \\infty)$+SCS-AOP($2 n_o$)+CUHK": [
      4.226964432270238,
      0.0005676237390277803
    ],
    "TAU$(\\infty, \\infty)$+SCS-AOP($2 n_o$)+Caduceus": [
      3.5855767241771903,
      0.0022791428606269144
    ],
    "TAU$(\\infty, \\infty)$+SCS-AOP($2 n_o$)+HardHeaded": [
      3.5415227880742672,
      0.0025077454962837862
    ],
    "TAU$(\\infty, \\infty)$+SCS-AOP(3min)+Caduceus": [
      3.484030710571695,
      0.0028407035335096093
    ]
  }
}