{
  "Agreement Rate": {},
  "N. Optimality": {},
  "P. Optimality": {},
  "Rounds": {
    "TAU$(\\infty, 0)$+SCS-AOP($2 n_o$)+Atlas3": [
      -7.262096513616308,
      1.3280661768812943e-06
    ],
    "TAU$(\\infty, 0)$+SCS-AOP($2 n_o$)+MiCRO": [
      3.4379507525346567,
      0.0031389707671733735
    ],
    "TAU$(\\infty, 0)$+SCS-AOP(3min)+MiCRO": [
      3.430081668165891,
      0.0031929238956945817
    ],
    "TAU$(\\infty, \\infty)$+SCS-AOP($2 n_o$)+Atlas3": [
      -6.844808751936511,
      2.84744873321373e-06
    ],
    "TAU$(\\infty, \\infty)$+SCS-TAU$(\\infty, 0)$+SCS": [
      -3.500625235106305,
      0.0027403281840596553
    ]
  },
  "Time": {
    "TAU$(\\infty, 0)$+SCS-AOP(3min)+Atlas3": [
      -6.664560070129583,
      3.987655279840441e-06
    ],
    "TAU$(\\infty, \\infty)$+SCS-AOP(3min)+Atlas3": [
      -6.78121370973267,
      3.2050879319587367e-06
    ]
  },
  "Utility": {
    "TAU$(\\infty, 0)$+SCS-AOP($2 n_o$)+Atlas3": [
      4.628852203336113,
      0.00023986147582804815
    ],
    "TAU$(\\infty, 0)$+SCS-AOP(3min)+Atlas3": [
      3.1836841558552904,
      0.005434992702945598
    ]
  },
  "Welfare": {}
}