{
  "approximate": false,
  "approximated_by": null,
  "conflict_max": 1.0,
  "conflict_mean": 1.0,
  "conflict_min": 1.0,
  "conflict_std": 0.0,
  "continuous": false,
  "is_anac": false,
  "n_outcomes": 11,
  "n_ufuns": 2,
  "name": "0000011Fifty2013",
  "nash_index": 0,
  "nash_outcome": [
    "100_0"
  ],
  "nash_utils": [
    0.0,
    1.0
  ],
  "nash_welfare": 1.0,
  "opposition": 0.7071067811865476,
  "pareto_indices": [
    10,
    9,
    8,
    7,
    6,
    5,
    4,
    3,
    2,
    1,
    0
  ],
  "pareto_outcomes": [
    [
      "0_100"
    ],
    [
      "10_90"
    ],
    [
      "20_80"
    ],
    [
      "30_70"
    ],
    [
      "40_60"
    ],
    [
      "50_50"
    ],
    [
      "60_40"
    ],
    [
      "70_30"
    ],
    [
      "80_20"
    ],
    [
      "90_10"
    ],
    [
      "100_0"
    ]
  ],
  "pareto_utils": [
    [
      0.0,
      1.0
    ],
    [
      0.1,
      0.9
    ],
    [
      0.2,
      0.8
    ],
    [
      0.3,
      0.7000000000000001
    ],
    [
      0.4,
      0.6
    ],
    [
      0.5,
      0.5
    ],
    [
      0.6,
      0.4
    ],
    [
      0.7000000000000001,
      0.3
    ],
    [
      0.8,
      0.2
    ],
    [
      0.9,
      0.1
    ],
    [
      1.0,
      0.0
    ]
  ],
  "utility_ranges": [
    [
      0.0,
      1.0
    ],
    [
      0.0,
      1.0
    ]
  ],
  "year": null
}